Key,Value
lang.offer,"Spela på svenska?"
lang.offer.machine,"Den här översättningen är maskinöversatt och granskas fortfarande."
lang.offer.no,"Nej, behåll engelska"
lang.offer.yes,"Ja"
menu.rail.about,"Om"
menu.rail.begin,"Börja"
menu.rail.continue,"Fortsätt"
menu.rail.exit,"Avsluta"
menu.rail.features,"Funktioner"
menu.rail.load,"Ladda spel"
menu.rail.new,"Nytt spel"
menu.rail.online,"Online"
menu.rail.overhauls,"Omarbetningar"
menu.rail.resume,"Återuppta"
menu.rail.save,"Spara spel"
menu.rail.settings,"Inställningar"
menu.rail.test,"Testrum"
settings.language.machine,"Maskinöversatt"
settings.language.name,"Språk"
settings.language.note,"Språket för spelets texter. Gäller direkt."
settings.pack.install,"Installera…"
settings.pack.installed,"{name}: {tables, plural, one {# tabell} other {# tabeller}}, {quests, plural, one {# uppdrag} other {# uppdrag}}, {books, plural, one {# bok} other {# böcker}}. Dess text ersätter maskinöversättningen."
settings.pack.name,"Översättningspaket"
settings.pack.none,"Installera en översättning av Daggerfall Unity ({language}) från dina egna filer. Inget laddas upp."
settings.pack.remove,"Ta bort"
settings.pack.replace,"Ersätt…"
